type,param,dropexp,money,pos,Quaternion,sca,item,armor,weapon,colorflag,color,viewrange,wanderingrange,discoveryrange,respawntime
1,[500,100,115,115,40,40,10,10,15],300,100,-684/67.2/64.7,0.000000/0.000000/0.000000/1.000000,1/1/1,[50,2,9,4,0],[5,0,0,0,0],[102,7,0,0,0],[100,49.2,50.5,31.5,0,81,0,0,0,0,5,81,0,0,0],0,1.000000/1.000000/1.000000/1.000000,360,30,25,25,60
0,[8,0,5,0,0,0,5,10,1],2,3,-228.6/60.14/-137.2,0.000000/0.000000/0.000000/1.000000,1/1/1,[203,200,0,-1,-1],[-1,-1,-1,-1,-1],[100,-1,-1,-1,-1],[5,41,50,0,2,0,0,0,0,0,30,0,0,0,0],0,0.477941/0.464757/0.000000/1.000000,200,10,10,20,20
0,[10,0,6,0,0,0,5,10,1],2,2,-238/60.14/-134.3,0.000000/0.000000/0.000000/1.000000,1/1/1,[203,200,204,-1,-1],[-1,-1,-1,-1,-1],[0,-1,-1,-1,-1],[5,30,1.3,0,2,0,0,0,0,0,50,0,0,0,0],0,0.477941/0.464757/0.000000/1.000000,200,10,10,20,20
0,[10,0,5,0,0,0,5,10,1],2,1,-247.1/60.14/-144.4,0.000000/0.000000/0.000000/1.000000,1/1/1,[203,200,204,0,-1],[-1,-1,-1,-1,-1],[0,-1,-1,-1,-1],[10,60,5,70,2,0,0,0,0,0,50,0,0,0,0],0,0.477941/0.464757/0.000000/1.000000,200,10,10,20,20
0,[10,0,5,0,2,2,5,10,1],2,1,-258.9/60.14/-133.4,0.000000/0.000000/0.000000/1.000000,1/1/1,[203,200,204,0,-1],[-1,-1,-1,-1,-1],[-1,-1,-1,-1,-1],[10,50,5,70,2,0,0,0,0,0,0,0,0,0,0],0,0.477941/0.464757/0.000000/1.000000,200,10,10,20,20
0,[10,0,5,0,2,2,5,10,1],2,1,-274.2/60.14/-134.3,0.000000/0.000000/0.000000/1.000000,1/1/1,[203,200,201,-1,-1],[-1,-1,-1,-1,-1],[100,101,-1,-1,-1],[10,50,10,0,2,0,0,0,0,0,40,30,0,0,0],0,0.477941/0.464757/0.000000/1.000000,200,10,10,20,20
0,[10,0,5,0,2,2,5,10,1],10,10,-285.7/60.14/-122.7,0.000000/0.000000/0.000000/1.000000,1/1/1,[202,204,0,-1,-1],[-1,-1,-1,-1,-1],[0,101,-1,-1,-1],[20,15,70,0,2,0,0,0,0,0,50,30,0,0,0],1,1.000000/0.972414/0.000000/1.000000,200,10,10,20,60
0,[15,0,11,0,2,0,5,5,3],8,5,-445.7/66.2/80.60001,0.000000/0.000000/0.000000/1.000000,1/1/1,[203,200,-1,-1,-1],[-1,-1,-1,-1,-1],[100,101,-1,-1,-1],[3,14.9,0,0,2,0,0,0,0,0,2.9,1.8,0,0,0],0,1.000000/1.000000/1.000000/1.000000,200,5,5,10,10
0,[15,0,10,3,2,0,5,5,3],8,5,-464.9/66.2/117.4,0.000000/0.000000/0.000000/1.000000,1/1/1,[0,204,-1,-1,-1],[-1,-1,-1,-1,-1],[100,101,-1,-1,-1],[3,0.6,0,0,2,0,0,0,0,0,4.2,2.5,0,0,0],0,1.000000/1.000000/1.000000/1.000000,200,5,5,10,10
0,[15,0,10,3,2,0,5,5,3],8,5,-436.3/66.2/63,0.000000/0.000000/0.000000/1.000000,1/1/1,[203,200,2,-1,-1],[-1,-1,-1,-1,-1],[100,101,-1,-1,-1],[3,19.4,34.6,0,2,0,0,0,0,0,10.5,1.8,0,0,0],0,1.000000/1.000000/1.000000/1.000000,200,5,5,10,10
0,[30,0,13,1,5,1,10,10,5],10,8,-480.2/65.1/193.3,0.000000/0.000000/0.000000/1.000000,1/1/1,[203,1,-1,-1,-1],[-1,-1,-1,-1,-1],[100,101,-1,-1,-1],[3,33.4,0,0,2,0,0,0,0,0,10,3,0,0,0],0,1.000000/1.000000/1.000000/1.000000,200,10,10,10,10
0,[15,0,11,3,2,0,5,5,3],10,5,-479.1/66.2/144.1,0.000000/0.000000/0.000000/1.000000,1/1/1,[1,202,-1,-1,-1],[-1,-1,-1,-1,-1],[0,101,-1,-1,-1],[7.3,0.3,0,0,2,0,0,0,0,0,5.4,1.8,0,0,0],0,1.000000/1.000000/1.000000/1.000000,200,5,5,10,10
0,[30,0,13,1,2,1,10,10,5],10,15,-478.7/66.6/237.8,0.000000/0.000000/0.000000/1.000000,1/1/1,[203,1,-1,-1,-1],[-1,-1,-1,-1,-1],[100,101,-1,-1,-1],[5.4,34.6,0,0,2,0,0,0,0,0,7.5,3,0,0,0],0,1.000000/1.000000/1.000000/1.000000,200,10,10,10,10
0,[100,0,25,10,12,0,5,5,5],15,10,-462.9/68.99001/-266.9,0.000000/0.000000/0.000000/1.000000,1/1/1,[2,203,-1,-1,-1],[0,-1,-1,-1,-1],[1,-1,-1,-1,-1],[30,10,0,0,2,30,0,0,0,0,30,0,0,0,0],0,1.000000/1.000000/1.000000/1.000000,200,8,8,20,20
0,[80,0,30,0,10,0,5,10,5],15,10,-445.64/68.99001/-266.9,0.000000/0.000000/0.000000/1.000000,1/1/1,[1,201,-1,-1,-1],[4,-1,-1,-1,-1],[100,101,-1,-1,-1],[50,20,0,0,2,30,0,0,0,0,30,30,0,0,0],0,1.000000/1.000000/1.000000/1.000000,200,10,10,20,20
0,[150,0,60,0,0,0,5,10,5],20,10,-467.1/68.99001/-288.9,0.000000/0.000000/0.000000/1.000000,1/1/1,[1,-1,-1,-1,-1],[1,-1,-1,-1,-1],[3,4,-1,-1,-1],[50,0,0,0,2,30,0,0,0,0,30,30,0,0,0],0,1.000000/1.000000/1.000000/1.000000,200,10,10,20,20
0,[120,0,70,0,5,0,5,10,5],20,10,-439.64/68.99001/-287.5999,0.000000/0.000000/0.000000/1.000000,1/1/1,[203,201,2,-1,-1],[3,-1,-1,-1,-1],[2,1,-1,-1,-1],[10,10,50,0,2,10,0,0,0,0,30,30,0,0,0],0,1.000000/1.000000/1.000000/1.000000,200,10,10,20,20
0,[200,0,80,0,5,0,5,10,5],25,10,-546.4/66.6/-48.6,0.000000/0.000000/0.000000/1.000000,1/1/1,[3,203,-1,-1,-1],[-1,-1,-1,-1,-1],[3,-1,-1,-1,-1],[40,5,0,0,2,0,0,0,0,0,40,0,0,0,0],0,1.000000/1.000000/1.000000/1.000000,200,10,10,20,20
0,[200,0,80,0,5,0,5,10,5],30,10,-571.7/66.6/-42.7,0.000000/0.000000/0.000000/1.000000,1/1/1,[3,201,-1,-1,-1],[-1,-1,-1,-1,-1],[1,-1,-1,-1,-1],[40,1.6,0,0,2,0,0,0,0,0,30,0,0,0,0],0,1.000000/1.000000/1.000000/1.000000,200,10,10,20,20
0,[200,0,80,0,5,0,5,10,5],20,10,-603.2/66.6/-49.3,0.000000/0.000000/0.000000/1.000000,1/1/1,[2,201,-1,-1,-1],[2,-1,-1,-1,-1],[-1,-1,-1,-1,-1],[30,5,0,0,2,30,0,0,0,0,0,0,0,0,0],0,1.000000/1.000000/1.000000/1.000000,200,10,10,20,20
0,[200,0,80,0,5,0,5,10,5],25,10,-624.1/66.6/-35.4,0.000000/0.000000/0.000000/1.000000,1/1/1,[2,-1,-1,-1,-1],[4,-1,-1,-1,-1],[-1,-1,-1,-1,-1],[40,0,0,0,2,30,0,0,0,0,0,0,0,0,0],0,1.000000/1.000000/1.000000/1.000000,200,10,10,20,20
0,[200,0,80,0,5,0,5,10,5],20,10,-648.9/66.6/-35.4,0.000000/0.000000/0.000000/1.000000,1/1/1,[2,200,-1,-1,-1],[3,-1,-1,-1,-1],[4,-1,-1,-1,-1],[20,50,0,0,2,30,0,0,0,0,30,0,0,0,0],0,1.000000/1.000000/1.000000/1.000000,200,5,5,20,20
0,[200,0,80,0,5,0,5,10,5],30,10,-669.4/66.6/-18.60001,0.000000/0.000000/0.000000/1.000000,1/1/1,[2,200,-1,-1,-1],[2,-1,-1,-1,-1],[4,-1,-1,-1,-1],[20,30,0,0,2,20,0,0,0,0,40,0,0,0,0],0,1.000000/1.000000/1.000000/1.000000,200,5,5,20,20
0,[200,0,80,0,5,0,5,10,5],20,10,-682.4/66.6/0,0.000000/0.000000/0.000000/1.000000,1/1/1,[2,200,-1,-1,-1],[0,-1,-1,-1,-1],[1,-1,-1,-1,-1],[20,50,0,0,2,30,0,0,0,0,10,0,0,0,0],0,1.000000/1.000000/1.000000/1.000000,200,5,5,20,20
0,[200,0,80,0,5,0,5,10,5],20,10,-697.9/64.2/-12.19,0.000000/0.000000/0.000000/1.000000,1/1/1,[2,201,-1,-1,-1],[-1,-1,-1,-1,-1],[-1,-1,-1,-1,-1],[30,20,0,0,2,0,0,0,0,0,0,0,0,0,0],0,1.000000/1.000000/1.000000/1.000000,200,10,10,20,20
0,[200,0,80,0,5,0,5,10,5],100,10,-685.9/62.62/-122.97,0.000000/0.000000/0.000000/1.000000,1/1/1,[6,-1,-1,-1,-1],[4,-1,-1,-1,-1],[5,8,-1,-1,-1],[50,0,0,0,2,40,0,0,0,0,40,50,0,0,0],1,0.944828/1.000000/0.000000/1.000000,200,5,5,10,120
0,[200,0,110,0,40,0,5,10,15],80,30,-477/65.93/337.48,0.000000/0.000000/0.000000/1.000000,1/1/1,[201,203,204,-1,-1],[6,-1,-1,-1,-1],[9,10,11,12,-1],[40,20,15,0,0,5,0,0,0,0,3,3,3,3,0],0,1.000000/1.000000/1.000000/1.000000,100,20,10,30,8
0,[200,0,110,0,40,0,5,10,15],80,30,-486.1/67.72/344.39,0.000000/0.000000/0.000000/1.000000,1/1/1,[201,203,204,-1,-1],[6,-1,-1,-1,-1],[9,10,11,12,-1],[40,20,15,0,0,5,0,0,0,0,3,3,3,3,0],0,1.000000/1.000000/1.000000/1.000000,100,20,10,30,8
0,[200,0,110,0,40,0,5,10,15],80,30,-477.14/67.72/346.74,0.000000/0.000000/0.000000/1.000000,1/1/1,[201,203,204,-1,-1],[6,-1,-1,-1,-1],[9,10,11,12,-1],[40,20,15,0,0,5,0,0,0,0,3,3,3,3,0],0,1.000000/1.000000/1.000000/1.000000,100,20,10,30,8
0,[230,0,130,0,45,0,5,10,15],90,30,-445.8/66.98/367.5,0.000000/0.000000/0.000000/1.000000,1/1/1,[201,203,204,-1,-1],[6,-1,-1,-1,-1],[9,10,11,12,-1],[40,20,15,0,0,5,0,0,0,0,3,3,3,3,0],0,1.000000/1.000000/1.000000/1.000000,100,20,10,30,8
0,[230,0,130,0,45,0,5,10,15],90,30,-435.9/66.98/374.2,0.000000/0.000000/0.000000/1.000000,1/1/1,[201,203,204,-1,-1],[6,-1,-1,-1,-1],[9,10,11,12,-1],[40,20,15,0,0,5,0,0,0,0,3,3,3,3,0],0,1.000000/1.000000/1.000000/1.000000,100,20,10,30,8
0,[280,0,145,0,50,0,5,10,15],100,30,-396.7/67.27/418.3,0.000000/0.000000/0.000000/1.000000,1/1/1,[201,203,204,-1,-1],[6,-1,-1,-1,-1],[9,10,11,12,-1],[40,20,15,0,0,5,0,0,0,0,3,3,3,3,0],0,1.000000/1.000000/1.000000/1.000000,100,20,10,30,8
0,[280,0,145,0,50,0,5,10,15],100,30,-391.8/67.27/413.1,0.000000/0.000000/0.000000/1.000000,1/1/1,[201,203,204,-1,-1],[6,-1,-1,-1,-1],[9,10,11,12,-1],[40,20,15,0,0,5,0,0,0,0,3,3,3,3,0],0,1.000000/1.000000/1.000000/1.000000,100,20,10,30,8
0,[360,0,160,0,55,0,5,10,18],120,30,-377.78/67.521/479.5,0.000000/0.000000/0.000000/1.000000,1/1/1,[201,203,204,-1,-1],[6,-1,-1,-1,-1],[9,10,11,12,-1],[40,20,15,0,0,5,0,0,0,0,3,3,3,3,0],0,1.000000/1.000000/1.000000/1.000000,100,20,10,30,8
0,[360,0,160,0,55,0,5,10,18],120,30,-369.39/67.521/473.96,0.000000/0.000000/0.000000/1.000000,1/1/1,[201,203,204,-1,-1],[6,-1,-1,-1,-1],[9,10,11,12,-1],[40,20,15,0,0,5,0,0,0,0,3,3,3,3,0],0,1.000000/1.000000/1.000000/1.000000,100,20,10,30,8
0,[360,0,160,0,55,0,5,10,18],120,30,-377.48/67.521/469.14,0.000000/0.000000/0.000000/1.000000,1/1/1,[201,203,204,-1,-1],[6,-1,-1,-1,-1],[9,10,11,12,-1],[40,20,15,0,0,5,0,0,0,0,3,3,3,3,0],0,1.000000/1.000000/1.000000/1.000000,100,20,10,30,8
0,[450,0,190,0,70,0,5,10,20],140,30,-326.47/65.9/539.9,0.000000/0.000000/0.000000/1.000000,1/1/1,[201,203,204,-1,-1],[6,-1,-1,-1,-1],[9,10,11,12,-1],[40,20,15,0,0,5,0,0,0,0,3,3,3,3,0],0,1.000000/1.000000/1.000000/1.000000,100,20,10,30,8
0,[450,0,190,0,70,0,5,10,20],140,30,-343.16/67.64/535.05,0.000000/0.000000/0.000000/1.000000,1/1/1,[201,203,204,-1,-1],[6,-1,-1,-1,-1],[9,10,11,12,-1],[40,20,15,0,0,5,0,0,0,0,3,3,3,3,0],0,1.000000/1.000000/1.000000/1.000000,100,20,10,30,8
0,[450,0,190,0,70,0,5,10,20],140,30,-329.3/63.86/526,0.000000/0.000000/0.000000/1.000000,1/1/1,[201,203,204,-1,-1],[6,-1,-1,-1,-1],[9,10,11,12,-1],[40,20,15,0,0,5,0,0,0,0,3,3,3,3,0],0,1.000000/1.000000/1.000000/1.000000,100,20,10,30,8
3,[480,0,200,0,100,0,5,10,22],280,45,-290.4/74.3/639.9,0.000000/0.000000/0.000000/1.000000,1/1/1,[205,206,207,-1,-1],[103,104,105,-1,-1],[103,104,105,114,-1],[30,10,8,0,0,8,5,1,0,0,8,5,1,5,0],0,1.000000/1.000000/1.000000/1.000000,100,20,10,30,10
3,[480,0,200,0,100,0,10,10,22],280,45,-290.5/74.3/654.8,0.000000/0.000000/0.000000/1.000000,1/1/1,[205,206,207,-1,-1],[103,104,105,-1,-1],[103,104,105,114,-1],[30,10,8,0,0,8,5,1,0,0,8,5,1,5,0],0,1.000000/1.000000/1.000000/1.000000,100,20,10,30,10
3,[480,0,200,0,100,0,10,10,22],280,45,-303.5/74.3/641.4,0.000000/0.000000/0.000000/1.000000,1/1/1,[205,206,207,-1,-1],[103,104,105,-1,-1],[103,104,105,114,-1],[30,10,8,0,0,8,5,1,0,0,8,5,1,5,0],0,1.000000/1.000000/1.000000/1.000000,100,20,10,30,10
3,[620,0,235,0,140,0,15,10,22],350,45,-335.5/74.3/612.9,0.000000/0.000000/0.000000/1.000000,1/1/1,[205,206,207,-1,-1],[104,105,-1,-1,-1],[104,114,105,-1,-1],[30,10,8,0,0,10,1,0,0,0,10,10,1,0,0],0,1.000000/1.000000/1.000000/1.000000,100,20,10,30,10
3,[620,0,235,0,140,0,15,10,22],350,45,-326.6/74.3/606.9,0.000000/0.000000/0.000000/1.000000,1/1/1,[205,206,207,-1,-1],[104,105,-1,-1,-1],[104,114,105,-1,-1],[30,10,8,0,0,10,1,0,0,0,10,10,1,0,0],0,1.000000/1.000000/1.000000/1.000000,100,20,10,30,10
3,[700,0,270,0,160,0,10,10,22],450,45,-338.8/74.3/601.9,0.000000/0.000000/0.000000/1.000000,1/1/1,[205,206,207,-1,-1],[104,105,-1,-1,-1],[104,114,105,-1,-1],[30,10,8,0,0,8,2,0,0,0,8,8,2,0,0],1,1.000000/0.727941/0.727941/1.000000,100,20,10,30,10
3,[1200,0,330,0,210,0,10,10,25],500,100,-338.3/77.1/634.4,0.000000/0.000000/0.000000/1.000000,1/1/1,[-1,-1,-1,-1,-1],[105,-1,-1,-1,-1],[105,-1,-1,-1,-1],[0,0,0,0,0,5,0,0,0,0,5,0,0,0,0],1,0.000000/1.000000/0.917241/1.000000,100,20,10,30,30
3,[900,0,300,0,170,0,15,10,35],580,75,70.37/56.48/563.23,0.000000/0.000000/0.000000/1.000000,1/1/1,[206,-1,-1,-1,-1],[105,-1,-1,-1,-1],[105,-1,-1,-1,-1],[30,0,0,0,0,5,0,0,0,0,5,0,0,0,0],0,1.000000/1.000000/1.000000/1.000000,100,20,10,30,10
3,[900,0,300,0,170,0,15,10,35],580,75,66/56.48/562.55,0.000000/0.000000/0.000000/1.000000,1/1/1,[206,-1,-1,-1,-1],[105,-1,-1,-1,-1],[105,-1,-1,-1,-1],[30,0,0,0,0,5,0,0,0,0,5,0,0,0,0],0,1.000000/1.000000/1.000000/1.000000,100,20,10,30,10
3,[900,0,300,0,170,0,15,10,35],580,75,70.69/56.48/558.81,0.000000/0.000000/0.000000/1.000000,1/1/1,[206,-1,-1,-1,-1],[105,-1,-1,-1,-1],[105,-1,-1,-1,-1],[30,0,0,0,0,5,0,0,0,0,5,0,0,0,0],0,1.000000/1.000000/1.000000/1.000000,100,20,10,30,10
0,[1000,0,360,0,180,0,15,10,38],700,80,119.3/62.11/612,0.000000/0.000000/0.000000/1.000000,1/1/1,[204,101,102,-1,-1],[106,9,-1,-1,-1],[106,107,-1,-1,-1],[50,30,10,0,0,5,5,0,0,0,5,5,0,0,0],0,1.000000/1.000000/1.000000/1.000000,100,20,10,30,10
0,[1000,0,360,0,180,0,15,10,38],700,80,113.42/62.11/615.94,0.000000/0.000000/0.000000/1.000000,1/1/1,[204,101,102,-1,-1],[106,9,-1,-1,-1],[106,107,-1,-1,-1],[50,30,10,0,0,5,5,0,0,0,5,5,0,0,0],0,1.000000/1.000000/1.000000/1.000000,100,20,10,30,10
0,[1000,0,360,0,180,0,15,10,38],700,80,113.51/62.11/608.21,0.000000/0.000000/0.000000/1.000000,1/1/1,[204,101,102,-1,-1],[106,9,-1,-1,-1],[106,107,-1,-1,-1],[50,30,10,0,0,5,5,0,0,0,5,5,0,0,0],0,1.000000/1.000000/1.000000/1.000000,100,20,10,30,10
3,[1250,0,400,0,200,0,15,10,40],800,100,157.3/81.5/642.8,0.000000/0.000000/0.000000/1.000000,1/1/1,[207,-1,-1,-1,-1],[105,-1,-1,-1,-1],[105,-1,-1,-1,-1],[30,0,0,0,0,7,0,0,0,0,7,0,0,0,0],1,0.625000/0.375000/0.000000/1.000000,100,20,10,30,10
3,[1250,0,400,0,200,0,15,10,40],800,100,157.3/81.5/642.8,0.000000/0.000000/0.000000/1.000000,1/1/1,[207,-1,-1,-1,-1],[105,-1,-1,-1,-1],[105,-1,-1,-1,-1],[30,0,0,0,0,7,0,0,0,0,7,0,0,0,0],1,0.625000/0.375000/0.000000/1.000000,100,20,10,30,10
3,[1700,0,500,0,240,0,15,10,42],910,150,91.4/91.25/680.5,0.000000/0.000000/0.000000/1.000000,1/1/1,[207,-1,-1,-1,-1],[105,-1,-1,-1,-1],[105,-1,-1,-1,-1],[30,0,0,0,0,10,0,0,0,0,10,0,0,0,0],1,1.000000/0.294118/0.951319/1.000000,100,10,10,10,10
0,[1700,0,500,0,240,0,15,10,42],910,150,134.1/100.02/692,0.000000/0.000000/0.000000/1.000000,1/1/1,[204,101,-1,-1,-1],[10,11,-1,-1,-1],[19,21,23,24,-1],[50,30,0,0,0,5,1,0,0,0,5,5,1,1,0],1,1.000000/1.000000/1.000000/1.000000,100,10,10,10,10
3,[2100,0,600,0,300,0,20,30,45],1000,230,59.9/100.02/717.1,0.000000/0.000000/0.000000/1.000000,1/1/1,[-1,-1,-1,-1,-1],[105,-1,-1,-1,-1],[105,-1,-1,-1,-1],[0,0,0,0,0,50,0,0,0,0,50,0,0,0,0],1,1.000000/0.903000/0.000000/1.000000,100,30,10,100,45
6,[8000,0,800,0,400,0,50,50,50],10000,10000,482.6/76.86/101.8,0.000000/0.000000/0.000000/1.000000,1/1/1,[-1,-1,-1,-1,-1],[-1,-1,-1,-1,-1],[115,-1,-1,-1,-1],[0,0,0,0,0,0,0,0,0,0,5,0,0,0,0],0,1.000000/1.000000/1.000000/1.000000,100,10,10,30,60
0,[1300,10,680,680,100,100,3,5,53],550,120,-191.71/122.4/53.61,0.000000/0.042917/0.000000/0.999079,1/1/1,[204,-1,-1,-1,-1],[-1,-1,-1,-1,-1],[27,110,-1,-1,-1],[50,0,0,0,2,0,0,0,0,0,10,3,0,0,0],1,0.160288/0.107050/0.808824/1.000000,200,40,10,50,30
0,[1300,10,680,680,100,100,3,5,53],550,120,-64.12299/122.4/48.77,0.000000/0.042917/0.000000/0.999079,1/1/1,[204,-1,-1,-1,-1],[-1,-1,-1,-1,-1],[27,110,-1,-1,-1],[50,0,0,0,2,0,0,0,0,0,10,3,0,0,0],1,0.160288/0.107050/0.808824/1.000000,200,40,10,50,30
0,[1300,10,680,680,100,100,3,5,53],550,120,-110.036/122.4/31.3,0.000000/0.042917/0.000000/0.999079,1/1/1,[204,-1,-1,-1,-1],[-1,-1,-1,-1,-1],[27,110,-1,-1,-1],[50,0,0,0,2,0,0,0,0,0,10,3,0,0,0],1,0.160288/0.107050/0.808824/1.000000,200,40,10,50,30
0,[1300,10,680,680,100,100,3,5,53],550,120,-44.33099/122.4/27.99001,0.000000/0.042917/0.000000/0.999079,1/1/1,[204,-1,-1,-1,-1],[-1,-1,-1,-1,-1],[27,110,-1,-1,-1],[50,0,0,0,2,0,0,0,0,0,10,3,0,0,0],1,0.160288/0.107050/0.808824/1.000000,200,40,10,50,30
0,[1300,10,680,680,100,100,3,5,53],550,120,-341.4/122.4/96.7,0.000000/0.999377/0.000000/-0.035282,1/1/1,[204,-1,-1,-1,-1],[-1,-1,-1,-1,-1],[27,110,-1,-1,-1],[50,0,0,0,2,0,0,0,0,0,10,3,0,0,0],1,0.160288/0.107050/0.808824/1.000000,200,40,10,50,30
0,[1300,10,680,680,100,100,3,5,53],550,120,-158.52/122.4/27.64999,0.000000/0.042917/0.000000/0.999079,1/1/1,[204,-1,-1,-1,-1],[-1,-1,-1,-1,-1],[27,110,-1,-1,-1],[50,0,0,0,2,0,0,0,0,0,10,3,0,0,0],1,0.160288/0.107050/0.808824/1.000000,200,40,10,50,30
0,[1300,10,680,680,100,100,3,5,53],550,120,-17.45639/122.4/51.92,0.000000/0.042917/0.000000/0.999079,1/1/1,[204,-1,-1,-1,-1],[-1,-1,-1,-1,-1],[27,110,-1,-1,-1],[50,0,0,0,2,0,0,0,0,0,10,3,0,0,0],1,0.160288/0.107050/0.808824/1.000000,200,40,10,50,30
0,[1300,10,680,680,100,100,3,5,53],550,120,-342.12/122.4/78.06,0.000000/0.433140/0.000000/0.901327,1/1/1,[204,-1,-1,-1,-1],[-1,-1,-1,-1,-1],[27,110,-1,-1,-1],[50,0,0,0,2,0,0,0,0,0,10,3,0,0,0],1,0.160288/0.107050/0.808824/1.000000,200,40,10,50,30
0,[1300,10,680,680,100,100,3,5,53],550,120,-159.38/122.4/63.94,0.000000/0.433140/0.000000/0.901327,1/1/1,[204,-1,-1,-1,-1],[-1,-1,-1,-1,-1],[27,110,-1,-1,-1],[50,0,0,0,2,0,0,0,0,0,10,3,0,0,0],1,0.160288/0.107050/0.808824/1.000000,200,40,10,50,30
0,[1300,10,680,680,100,100,3,5,53],550,120,-225.26/122.4/91.83,0.000000/0.999377/0.000000/-0.035282,1/1/1,[204,-1,-1,-1,-1],[-1,-1,-1,-1,-1],[27,110,-1,-1,-1],[50,0,0,0,2,0,0,0,0,0,10,3,0,0,0],1,0.160288/0.107050/0.808824/1.000000,200,40,10,50,30
0,[1300,10,680,680,100,100,3,5,53],550,120,-235.5/122.4/96.8,0.000000/0.999377/0.000000/-0.035282,1/1/1,[204,-1,-1,-1,-1],[-1,-1,-1,-1,-1],[27,110,-1,-1,-1],[50,0,0,0,2,0,0,0,0,0,10,3,0,0,0],1,0.160288/0.107050/0.808824/1.000000,200,40,10,50,30
0,[1300,10,680,680,100,100,3,5,53],550,120,-259.47/122.4/35.2,0.000000/0.712699/0.000000/0.701470,1/1/1,[204,-1,-1,-1,-1],[-1,-1,-1,-1,-1],[27,110,-1,-1,-1],[50,0,0,0,2,0,0,0,0,0,10,3,0,0,0],1,0.160288/0.107050/0.808824/1.000000,200,40,10,50,30
0,[1300,10,680,680,100,100,3,5,53],550,120,-159.26/122.4/42.41,0.000000/-0.381232/0.000000/0.924480,0.9999999/1/0.9999999,[204,-1,-1,-1,-1],[-1,-1,-1,-1,-1],[27,110,-1,-1,-1],[50,0,0,0,2,0,0,0,0,0,10,3,0,0,0],1,0.160288/0.107050/0.808824/1.000000,200,40,10,50,30
0,[1300,10,680,680,100,100,3,5,53],550,120,10.85301/122.4/85.66,0.000000/-0.381232/0.000000/0.924480,0.9999999/1/0.9999999,[204,-1,-1,-1,-1],[-1,-1,-1,-1,-1],[27,110,-1,-1,-1],[50,0,0,0,2,0,0,0,0,0,10,3,0,0,0],1,0.160288/0.107050/0.808824/1.000000,200,40,10,50,30
0,[1300,10,680,680,100,100,3,5,53],550,120,-99.15599/122.4/103.91,0.000000/-0.243326/0.000000/0.969945,1/1/1,[204,-1,-1,-1,-1],[-1,-1,-1,-1,-1],[27,110,-1,-1,-1],[50,0,0,0,2,0,0,0,0,0,10,3,0,0,0],1,0.160288/0.107050/0.808824/1.000000,200,40,10,50,30
0,[1300,10,680,680,100,100,3,5,53],550,120,20.09201/122.4/64.27,0.000000/-0.243326/0.000000/0.969945,1/1/1,[204,-1,-1,-1,-1],[-1,-1,-1,-1,-1],[27,110,-1,-1,-1],[50,0,0,0,2,0,0,0,0,0,10,3,0,0,0],1,0.160288/0.107050/0.808824/1.000000,200,40,10,50,30
0,[1300,10,680,680,100,100,3,5,53],550,120,-42.37099/122.4/108.5,0.000000/-0.381232/0.000000/0.924480,0.9999999/1/0.9999999,[204,-1,-1,-1,-1],[-1,-1,-1,-1,-1],[27,110,-1,-1,-1],[50,0,0,0,2,0,0,0,0,0,10,3,0,0,0],1,0.160288/0.107050/0.808824/1.000000,200,40,10,50,30
0,[1300,10,680,680,100,100,3,5,53],550,120,-306.23/122.4/99.28,0.000000/0.999377/0.000000/-0.035282,1/1/1,[204,-1,-1,-1,-1],[-1,-1,-1,-1,-1],[27,110,-1,-1,-1],[50,0,0,0,2,0,0,0,0,0,10,3,0,0,0],1,0.160288/0.107050/0.808824/1.000000,200,40,10,50,30
0,[1300,10,680,680,100,100,3,5,53],550,120,-126.77/122.4/50.61,0.000000/0.433140/0.000000/0.901327,1/1/1,[204,-1,-1,-1,-1],[-1,-1,-1,-1,-1],[27,110,-1,-1,-1],[50,0,0,0,2,0,0,0,0,0,10,3,0,0,0],1,0.160288/0.107050/0.808824/1.000000,200,40,10,50,30
0,[1300,10,680,680,100,100,3,5,53],550,120,-315.38/122.4/39.2,0.000000/0.433140/0.000000/0.901327,1/1/1,[204,-1,-1,-1,-1],[-1,-1,-1,-1,-1],[27,110,-1,-1,-1],[50,0,0,0,2,0,0,0,0,0,10,3,0,0,0],1,0.160288/0.107050/0.808824/1.000000,200,40,10,50,30
0,[1300,10,680,680,100,100,3,5,53],550,120,-243.4/122.4/55.34,0.000000/0.712699/0.000000/0.701470,1/1/1,[204,-1,-1,-1,-1],[-1,-1,-1,-1,-1],[27,110,-1,-1,-1],[50,0,0,0,2,0,0,0,0,0,10,3,0,0,0],1,0.160288/0.107050/0.808824/1.000000,200,40,10,50,30
0,[1300,10,680,680,100,100,3,5,53],550,120,-35.74999/122.4/95.14999,0.000000/0.376610/0.000000/0.926372,1/1/1,[204,-1,-1,-1,-1],[-1,-1,-1,-1,-1],[27,110,-1,-1,-1],[50,0,0,0,2,0,0,0,0,0,10,3,0,0,0],1,0.160288/0.107050/0.808824/1.000000,200,40,10,50,30
0,[1300,10,680,680,100,100,3,5,53],550,120,4.66501/122.4/27.17,0.000000/0.921770/0.000000/0.387737,1/1/1,[204,-1,-1,-1,-1],[-1,-1,-1,-1,-1],[27,110,-1,-1,-1],[50,0,0,0,2,0,0,0,0,0,10,3,0,0,0],1,0.160288/0.107050/0.808824/1.000000,200,40,10,50,30
0,[1300,10,680,680,100,100,3,5,53],550,120,-291.58/122.4/62.7,0.000000/-0.017642/0.000000/0.999844,1/1/1,[204,-1,-1,-1,-1],[-1,-1,-1,-1,-1],[27,110,-1,-1,-1],[50,0,0,0,2,0,0,0,0,0,10,3,0,0,0],1,0.160288/0.107050/0.808824/1.000000,200,40,10,50,30
0,[1300,10,680,680,100,100,3,5,53],550,120,-299.98/122.4/81.16,0.000000/0.376610/0.000000/0.926372,1/1/1,[204,-1,-1,-1,-1],[-1,-1,-1,-1,-1],[27,110,-1,-1,-1],[50,0,0,0,2,0,0,0,0,0,10,3,0,0,0],1,0.160288/0.107050/0.808824/1.000000,200,40,10,50,30
0,[1300,10,680,680,100,100,3,5,53],550,120,-341.79/122.4/122.319,0.000000/0.394058/0.000000/0.919085,1/1/1,[204,-1,-1,-1,-1],[-1,-1,-1,-1,-1],[27,110,-1,-1,-1],[50,0,0,0,2,0,0,0,0,0,10,3,0,0,0],1,0.160288/0.107050/0.808824/1.000000,200,40,10,50,30
0,[1300,10,680,680,100,100,3,5,53],550,120,-272.0852/122.4/364.962,0.000000/0.878650/0.000000/0.477466,1/1/1,[204,-1,-1,-1,-1],[-1,-1,-1,-1,-1],[27,110,-1,-1,-1],[50,0,0,0,2,0,0,0,0,0,10,3,0,0,0],1,0.160288/0.107050/0.808824/1.000000,200,40,10,50,30
0,[1300,10,680,680,100,100,3,5,53],550,120,-294.7718/122.4/321.002,0.000000/0.878650/0.000000/0.477466,1/1/1,[204,-1,-1,-1,-1],[-1,-1,-1,-1,-1],[27,110,-1,-1,-1],[50,0,0,0,2,0,0,0,0,0,10,3,0,0,0],1,0.160288/0.107050/0.808824/1.000000,200,40,10,50,30
0,[1300,10,680,680,100,100,3,5,53],550,120,-261.0129/122.4/416.452,0.000000/0.878650/0.000000/0.477466,1/1/1,[204,-1,-1,-1,-1],[-1,-1,-1,-1,-1],[27,110,-1,-1,-1],[50,0,0,0,2,0,0,0,0,0,10,3,0,0,0],1,0.160288/0.107050/0.808824/1.000000,200,40,10,50,30
0,[1300,10,680,680,100,100,3,5,53],550,120,-291.1695/122.4/414.362,0.000000/0.878650/0.000000/0.477466,1/1/1,[204,-1,-1,-1,-1],[-1,-1,-1,-1,-1],[27,110,-1,-1,-1],[50,0,0,0,2,0,0,0,0,0,10,3,0,0,0],1,0.160288/0.107050/0.808824/1.000000,200,40,10,50,30
0,[1300,10,680,680,100,100,3,5,53],550,120,-303.6177/122.4/378.2321,0.000000/0.878650/0.000000/0.477466,1/1/1,[204,-1,-1,-1,-1],[-1,-1,-1,-1,-1],[27,110,-1,-1,-1],[50,0,0,0,2,0,0,0,0,0,10,3,0,0,0],1,0.160288/0.107050/0.808824/1.000000,200,40,10,50,30
0,[1300,10,680,680,100,100,3,5,53],550,120,-287.4547/122.4/285.982,0.000000/0.878650/0.000000/0.477466,1/1/1,[204,-1,-1,-1,-1],[-1,-1,-1,-1,-1],[27,110,-1,-1,-1],[50,0,0,0,2,0,0,0,0,0,10,3,0,0,0],1,0.160288/0.107050/0.808824/1.000000,200,40,10,50,30
0,[1300,10,680,680,100,100,3,5,53],550,120,-322.8404/122.4/256.682,0.000000/0.988409/0.000000/0.151816,1/1/1,[204,-1,-1,-1,-1],[-1,-1,-1,-1,-1],[27,110,-1,-1,-1],[50,0,0,0,2,0,0,0,0,0,10,3,0,0,0],1,0.160288/0.107050/0.808824/1.000000,200,40,10,50,30
0,[1300,10,680,680,100,100,3,5,53],550,120,-298.93/122.4/235.14,0.000000/0.748744/0.000000/0.662859,1/1/1,[204,-1,-1,-1,-1],[-1,-1,-1,-1,-1],[27,110,-1,-1,-1],[50,0,0,0,2,0,0,0,0,0,10,3,0,0,0],1,0.160288/0.107050/0.808824/1.000000,200,40,10,50,30
0,[1300,10,680,680,100,100,3,5,53],550,120,-312.47/122.4/183.12,0.000000/0.748744/0.000000/0.662859,1/1/1,[204,-1,-1,-1,-1],[-1,-1,-1,-1,-1],[27,110,-1,-1,-1],[50,0,0,0,2,0,0,0,0,0,10,3,0,0,0],1,0.160288/0.107050/0.808824/1.000000,200,40,10,50,30
0,[1300,10,680,680,100,100,3,5,53],550,120,-357.01/122.4/212.26,0.000000/0.748744/0.000000/0.662859,1/1/1,[204,-1,-1,-1,-1],[-1,-1,-1,-1,-1],[27,110,-1,-1,-1],[50,0,0,0,2,0,0,0,0,0,10,3,0,0,0],1,0.160288/0.107050/0.808824/1.000000,200,40,10,50,30
0,[1300,10,680,680,100,100,3,5,53],550,120,-353.22/122.4/172.92,0.000000/0.748744/0.000000/0.662859,1/1/1,[204,-1,-1,-1,-1],[-1,-1,-1,-1,-1],[27,110,-1,-1,-1],[50,0,0,0,2,0,0,0,0,0,10,3,0,0,0],1,0.160288/0.107050/0.808824/1.000000,200,40,10,50,30
0,[1300,10,680,680,100,100,3,5,53],550,120,-320.4/122.4/287.51,0.000000/0.748744/0.000000/0.662859,1/1/1,[204,-1,-1,-1,-1],[-1,-1,-1,-1,-1],[27,110,-1,-1,-1],[50,0,0,0,2,0,0,0,0,0,10,3,0,0,0],1,0.160288/0.107050/0.808824/1.000000,200,40,10,50,30
0,[1300,10,680,680,100,100,3,5,53],550,120,-391.11/122.4/269.03,0.000000/0.748744/0.000000/0.662859,1/1/1,[204,-1,-1,-1,-1],[-1,-1,-1,-1,-1],[27,110,-1,-1,-1],[50,0,0,0,2,0,0,0,0,0,10,3,0,0,0],1,0.160288/0.107050/0.808824/1.000000,200,40,10,50,30
0,[1300,10,680,680,100,100,3,5,53],550,120,-387.31/122.4/229.69,0.000000/0.748744/0.000000/0.662859,1/1/1,[204,-1,-1,-1,-1],[-1,-1,-1,-1,-1],[27,110,-1,-1,-1],[50,0,0,0,2,0,0,0,0,0,10,3,0,0,0],1,0.160288/0.107050/0.808824/1.000000,200,40,10,50,30
0,[1300,10,680,680,100,100,3,5,53],550,120,-262.11/122.4/155.68,0.000000/0.748744/0.000000/0.662859,1/1/1,[204,-1,-1,-1,-1],[-1,-1,-1,-1,-1],[27,110,-1,-1,-1],[50,0,0,0,2,0,0,0,0,0,10,3,0,0,0],1,0.160288/0.107050/0.808824/1.000000,200,40,10,50,30
3,[1500,0,710,710,240,240,5,10,53],550,120,-204.93/122.5/33.64,0.000000/0.042917/0.000000/0.999079,1/1/1,[214,215,-1,-1,-1],[12,109,-1,-1,-1],[-1,-1,-1,-1,-1],[40,5,0,0,0,10,3,0,0,0,0,0,0,0,0],1,0.070069/0.595588/0.204167/1.000000,100,40,10,50,30
3,[1500,0,710,710,240,240,5,10,53],550,120,-189.94/122.5/73.72,0.000000/0.042917/0.000000/0.999079,1/1/1,[214,215,-1,-1,-1],[12,109,-1,-1,-1],[-1,-1,-1,-1,-1],[40,5,0,0,0,10,3,0,0,0,0,0,0,0,0],1,0.070069/0.595588/0.204167/1.000000,100,40,10,50,30
3,[1500,0,710,710,240,240,5,10,53],550,120,-97.23399/122.5/87.81,0.000000/0.042917/0.000000/0.999079,1/1/1,[214,215,-1,-1,-1],[12,109,-1,-1,-1],[-1,-1,-1,-1,-1],[40,5,0,0,0,10,3,0,0,0,0,0,0,0,0],1,0.070069/0.595588/0.204167/1.000000,100,40,10,50,30
3,[1500,0,710,710,240,240,5,10,53],550,120,-121.16/122.5/72.70999,0.000000/0.042917/0.000000/0.999079,1/1/1,[214,215,-1,-1,-1],[12,109,-1,-1,-1],[-1,-1,-1,-1,-1],[40,5,0,0,0,10,3,0,0,0,0,0,0,0,0],1,0.070069/0.595588/0.204167/1.000000,100,40,10,50,30
3,[1500,0,710,710,240,240,5,10,53],550,120,-245.27/122.5/77.48,0.000000/0.433140/0.000000/0.901327,1/1/1,[214,215,-1,-1,-1],[12,109,-1,-1,-1],[-1,-1,-1,-1,-1],[40,5,0,0,0,10,3,0,0,0,0,0,0,0,0],1,0.070069/0.595588/0.204167/1.000000,100,40,10,50,30
3,[1500,0,710,710,240,240,5,10,53],550,120,-333.15/122.5/53.74001,0.000000/0.712699/0.000000/0.701470,1/1/1,[214,215,-1,-1,-1],[12,109,-1,-1,-1],[-1,-1,-1,-1,-1],[40,5,0,0,0,10,3,0,0,0,0,0,0,0,0],1,0.070069/0.595588/0.204167/1.000000,100,40,10,50,30
3,[1500,0,710,710,240,240,5,10,53],550,120,23.11301/122.5/41.14999,0.000000/-0.381232/0.000000/0.924480,0.9999999/1/0.9999999,[214,215,-1,-1,-1],[12,109,-1,-1,-1],[-1,-1,-1,-1,-1],[40,5,0,0,0,10,3,0,0,0,0,0,0,0,0],1,0.070069/0.595588/0.204167/1.000000,100,40,10,50,30
3,[1500,0,710,710,240,240,5,10,53],550,120,-68.65099/122.5/68.06999,0.000000/-0.381232/0.000000/0.924480,0.9999999/1/0.9999999,[214,215,-1,-1,-1],[12,109,-1,-1,-1],[-1,-1,-1,-1,-1],[40,5,0,0,0,10,3,0,0,0,0,0,0,0,0],1,0.070069/0.595588/0.204167/1.000000,100,40,10,50,30
3,[1500,0,710,710,240,240,5,10,53],550,120,-23.71239/122.5/72.37,0.000000/-0.381232/0.000000/0.924480,0.9999999/1/0.9999999,[214,215,-1,-1,-1],[12,109,-1,-1,-1],[-1,-1,-1,-1,-1],[40,5,0,0,0,10,3,0,0,0,0,0,0,0,0],1,0.070069/0.595588/0.204167/1.000000,100,40,10,50,30
3,[1500,0,710,710,240,240,5,10,53],550,120,-302.96/122.5/116.49,0.000000/0.999377/0.000000/-0.035282,1/1/1,[214,215,-1,-1,-1],[12,109,-1,-1,-1],[-1,-1,-1,-1,-1],[40,5,0,0,0,10,3,0,0,0,0,0,0,0,0],1,0.070069/0.595588/0.204167/1.000000,100,40,10,50,30
3,[1500,0,710,710,240,240,5,10,53],550,120,-4.878/122.5/126.34,0.000000/0.001265/0.000000/0.999999,0.9999999/1/0.9999999,[214,215,-1,-1,-1],[12,109,-1,-1,-1],[-1,-1,-1,-1,-1],[40,5,0,0,0,10,3,0,0,0,0,0,0,0,0],1,0.070069/0.595588/0.204167/1.000000,100,40,10,50,30
3,[1500,0,710,710,240,240,5,10,53],550,120,-6.5/122.5/171.3,0.000000/0.394058/0.000000/0.919085,1/1/1,[214,215,-1,-1,-1],[12,109,-1,-1,-1],[-1,-1,-1,-1,-1],[40,5,0,0,0,10,3,0,0,0,0,0,0,0,0],1,0.070069/0.595588/0.204167/1.000000,100,40,10,50,30
3,[1500,0,710,710,240,240,5,10,53],550,120,46.67722/122.5/74.72,0.000000/-0.420556/0.000000/0.907267,1/1/1,[214,215,-1,-1,-1],[12,109,-1,-1,-1],[-1,-1,-1,-1,-1],[40,5,0,0,0,10,3,0,0,0,0,0,0,0,0],1,0.070069/0.595588/0.204167/1.000000,100,40,10,50,30
3,[1500,0,710,710,240,240,5,10,53],550,120,68.59602/122.5/102.773,0.000000/-0.420556/0.000000/0.907267,1/1/1,[214,215,-1,-1,-1],[12,109,-1,-1,-1],[-1,-1,-1,-1,-1],[40,5,0,0,0,10,3,0,0,0,0,0,0,0,0],1,0.070069/0.595588/0.204167/1.000000,100,40,10,50,30
3,[1500,0,710,710,240,240,5,10,53],550,120,69.92102/122.5/130.013,0.000000/-0.088577/0.000000/0.996069,1/1/1,[214,215,-1,-1,-1],[12,109,-1,-1,-1],[-1,-1,-1,-1,-1],[40,5,0,0,0,10,3,0,0,0,0,0,0,0,0],1,0.070069/0.595588/0.204167/1.000000,100,40,10,50,30
3,[1500,0,710,710,240,240,5,10,53],550,120,132.5/122.5/203.5,0.000000/-0.909108/0.000000/0.416562,1/1/1,[214,215,-1,-1,-1],[12,109,-1,-1,-1],[-1,-1,-1,-1,-1],[40,5,0,0,0,10,3,0,0,0,0,0,0,0,0],1,0.070069/0.595588/0.204167/1.000000,100,40,10,50,30
3,[1500,0,710,710,240,240,5,10,53],550,120,95.22303/122.5/174.9366,0.000000/-0.909108/0.000000/0.416562,1/1/1,[214,215,-1,-1,-1],[12,109,-1,-1,-1],[-1,-1,-1,-1,-1],[40,5,0,0,0,10,3,0,0,0,0,0,0,0,0],1,0.070069/0.595588/0.204167/1.000000,100,40,10,50,30
3,[1500,0,710,710,240,240,5,10,53],550,120,114.1527/122.5/226.0195,0.000000/-0.909108/0.000000/0.416562,1/1/1,[214,215,-1,-1,-1],[12,109,-1,-1,-1],[-1,-1,-1,-1,-1],[40,5,0,0,0,10,3,0,0,0,0,0,0,0,0],1,0.070069/0.595588/0.204167/1.000000,100,40,10,50,30
3,[1500,0,710,710,240,240,5,10,53],550,120,33.93924/122.5/285.3319,0.000000/-0.909108/0.000000/0.416562,1/1/1,[214,215,-1,-1,-1],[12,109,-1,-1,-1],[-1,-1,-1,-1,-1],[40,5,0,0,0,10,3,0,0,0,0,0,0,0,0],1,0.070069/0.595588/0.204167/1.000000,100,40,10,50,30
3,[1500,0,710,710,240,240,5,10,53],550,120,84.2141/122.5/277.7018,0.000000/-0.909108/0.000000/0.416562,1/1/1,[214,215,-1,-1,-1],[12,109,-1,-1,-1],[-1,-1,-1,-1,-1],[40,5,0,0,0,10,3,0,0,0,0,0,0,0,0],1,0.070069/0.595588/0.204167/1.000000,100,40,10,50,30
3,[1500,0,710,710,240,240,5,10,53],550,120,62.12811/122.5/313.8877,0.000000/-0.909108/0.000000/0.416562,1/1/1,[214,215,-1,-1,-1],[12,109,-1,-1,-1],[-1,-1,-1,-1,-1],[40,5,0,0,0,10,3,0,0,0,0,0,0,0,0],1,0.070069/0.595588/0.204167/1.000000,100,40,10,50,30
3,[1500,0,710,710,240,240,5,10,53],550,120,-12.6923/122.5/293.0144,0.000000/0.488304/0.000000/0.872674,1/1/1,[214,215,-1,-1,-1],[12,109,-1,-1,-1],[-1,-1,-1,-1,-1],[40,5,0,0,0,10,3,0,0,0,0,0,0,0,0],1,0.070069/0.595588/0.204167/1.000000,100,40,10,50,30
3,[1500,0,710,710,240,240,5,10,53],550,120,18.451/122.5/313.3608,0.000000/0.488304/0.000000/0.872674,1/1/1,[214,215,-1,-1,-1],[12,109,-1,-1,-1],[-1,-1,-1,-1,-1],[40,5,0,0,0,10,3,0,0,0,0,0,0,0,0],1,0.070069/0.595588/0.204167/1.000000,100,40,10,50,30
3,[1500,0,710,710,240,240,5,10,53],550,120,-1.2391/122.5/268.667,0.000000/0.488304/0.000000/0.872674,1/1/1,[214,215,-1,-1,-1],[12,109,-1,-1,-1],[-1,-1,-1,-1,-1],[40,5,0,0,0,10,3,0,0,0,0,0,0,0,0],1,0.070069/0.595588/0.204167/1.000000,100,40,10,50,30
3,[1500,0,710,710,240,240,5,10,53],550,120,52.98/122.5/198.9893,0.000000/0.488304/0.000000/0.872674,1/1/1,[214,215,-1,-1,-1],[12,109,-1,-1,-1],[-1,-1,-1,-1,-1],[40,5,0,0,0,10,3,0,0,0,0,0,0,0,0],1,0.070069/0.595588/0.204167/1.000000,100,40,10,50,30
3,[1500,0,710,710,240,240,5,10,53],550,120,15.868/122.5/214.9066,0.000000/0.488304/0.000000/0.872674,1/1/1,[214,215,-1,-1,-1],[12,109,-1,-1,-1],[-1,-1,-1,-1,-1],[40,5,0,0,0,10,3,0,0,0,0,0,0,0,0],1,0.070069/0.595588/0.204167/1.000000,100,40,10,50,30
3,[1500,0,710,710,240,240,5,10,53],550,120,48.278/122.5/167.1901,0.000000/0.754904/0.000000/0.655836,1/1/1,[214,215,-1,-1,-1],[12,109,-1,-1,-1],[-1,-1,-1,-1,-1],[40,5,0,0,0,10,3,0,0,0,0,0,0,0,0],1,0.070069/0.595588/0.204167/1.000000,100,40,10,50,30
1,[12000,10,700,700,100,100,5,10,53],1000,600,-145.6/122.7/223.2,0.000000/0.000000/0.000000/1.000000,1/1/1,[219,-1,-1,-1,-1],[109,116,-1,-1,-1],[110,119,-1,-1,-1],[50,0,0,0,0,40,5,0,0,0,40,5,0,0,0],1,0.550248/0.025627/0.580882/1.000000,360,20,20,50,180
0,[2150,10,830,830,140,140,3,5,47],900,140,-181.2/147.3/118.2,0.000000/0.000000/0.000000/1.000000,1/1/1,[209,210,-1,-1,-1],[-1,-1,-1,-1,-1],[110,111,-1,-1,-1],[50,10,0,0,2,0,0,0,0,0,10,5,0,0,0],1,0.558824/0.008218/0.475283/1.000000,200,5,10,20,7
0,[2150,10,830,830,140,140,3,5,47],900,140,-145.08/148.16/210.69,0.000000/0.000000/0.000000/1.000000,1/1/1,[209,210,-1,-1,-1],[-1,-1,-1,-1,-1],[110,111,-1,-1,-1],[50,10,0,0,2,0,0,0,0,0,10,5,0,0,0],1,0.558824/0.008218/0.475283/1.000000,200,5,10,20,7
0,[2150,10,830,830,140,140,3,5,47],900,140,-108.8/147.3/121.9095,0.000000/0.999693/0.000000/-0.024764,1.000001/1/1.000001,[209,210,-1,-1,-1],[-1,-1,-1,-1,-1],[110,111,-1,-1,-1],[50,10,0,0,2,0,0,0,0,0,10,5,0,0,0],1,0.558824/0.008218/0.475283/1.000000,200,5,10,20,7
0,[2150,10,830,830,140,140,3,5,47],900,140,-131.39/149.05/217.84,0.000000/0.000000/0.000000/1.000000,1/1/1,[209,210,-1,-1,-1],[-1,-1,-1,-1,-1],[110,111,-1,-1,-1],[50,10,0,0,2,0,0,0,0,0,10,5,0,0,0],1,0.558824/0.008218/0.475283/1.000000,200,5,10,20,7
0,[2150,10,830,830,140,140,3,5,47],900,140,-122.1/149.05/226.4,0.000000/0.000000/0.000000/1.000000,1/1/1,[209,210,-1,-1,-1],[-1,-1,-1,-1,-1],[110,111,-1,-1,-1],[50,10,0,0,2,0,0,0,0,0,10,5,0,0,0],1,0.558824/0.008218/0.475283/1.000000,200,5,10,20,7
0,[2000,10,720,720,100,100,5,5,47],5000,350,-109.21/148.09/234.61,0.000000/0.000000/0.000000/1.000000,1/1/1,[204,210,-1,-1,-1],[12,109,-1,-1,-1],[27,110,-1,-1,-1],[50,10,0,0,2,5,1,0,0,0,5,1,0,0,0],1,1.000000/0.972414/0.000000/1.000000,200,10,10,20,95
0,[2000,10,720,720,100,100,5,5,47],5000,350,-93.24/152.59/235.76,0.000000/0.000000/0.000000/1.000000,1/1/1,[204,210,-1,-1,-1],[12,109,-1,-1,-1],[27,110,-1,-1,-1],[50,10,0,0,2,5,1,0,0,0,5,1,0,0,0],1,1.000000/0.972414/0.000000/1.000000,200,10,10,20,95
0,[2000,10,1000,1000,100,100,5,5,47],5000,350,-56.77/149.4/147.25,0.000000/0.000000/0.000000/1.000000,1/1/1,[204,210,-1,-1,-1],[12,109,-1,-1,-1],[27,110,-1,-1,-1],[50,10,0,0,2,5,1,0,0,0,5,1,0,0,0],1,1.000000/0.972414/0.000000/1.000000,200,10,10,20,75
0,[2000,10,1000,1000,100,100,5,5,47],5000,350,-53.52/149.4/149.79,0.000000/0.000000/0.000000/1.000000,1/1/1,[204,210,-1,-1,-1],[12,109,-1,-1,-1],[27,110,-1,-1,-1],[50,10,0,0,2,5,1,0,0,0,5,1,0,0,0],1,1.000000/0.972414/0.000000/1.000000,200,10,10,20,75
0,[2000,10,1000,1000,100,100,5,5,47],5000,350,-50.76/149.4/147.41,0.000000/0.000000/0.000000/1.000000,1/1/1,[204,210,-1,-1,-1],[12,109,-1,-1,-1],[27,110,-1,-1,-1],[50,10,0,0,2,5,1,0,0,0,5,1,0,0,0],1,1.000000/0.972414/0.000000/1.000000,200,10,10,20,75
7,[1800,0,700,700,100,100,10,10,47],1000,140,-134.54/148.48/245.57,0.000000/-0.709777/0.000000/-0.704427,1/1/1,[208,210,217,-1,-1],[109,110,-1,-1,-1],[110,111,-1,-1,-1],[50,10,30,0,0,5,1,0,0,0,5,1,0,0,0],1,0.059686/0.786765/0.000000/1.000000,120,10,0,20,10
7,[1800,0,700,700,100,100,10,10,47],1000,140,-156.53/148.48/245.37,0.000000/0.704385/0.000000/-0.709818,1/1/1,[208,210,217,-1,-1],[109,110,-1,-1,-1],[110,111,-1,-1,-1],[50,10,30,0,0,5,1,0,0,0,5,1,0,0,0],1,0.059686/0.786765/0.000000/1.000000,120,10,0,20,10
7,[1800,0,700,700,100,100,10,10,47],1000,140,-134.48/148.48/254.42,0.000000/1.000000/0.000000/0.000000,1/1/1,[208,210,217,-1,-1],[109,110,-1,-1,-1],[110,111,-1,-1,-1],[50,10,30,0,0,5,1,0,0,0,5,1,0,0,0],1,0.059686/0.786765/0.000000/1.000000,120,10,0,20,10
7,[1800,0,700,700,100,100,10,10,47],1000,140,-156.47/148.48/254.22,0.000000/1.000000/0.000000/0.000000,1/1/1,[208,210,217,-1,-1],[109,110,-1,-1,-1],[110,111,-1,-1,-1],[50,10,30,0,0,5,1,0,0,0,5,1,0,0,0],1,0.059686/0.786765/0.000000/1.000000,120,10,0,20,10
3,[1900,0,870,870,300,300,5,10,47],1050,140,-89.6/148.8/121.5,0.000000/0.000000/0.000000/1.000000,1/1/1,[214,215,-1,-1,-1],[109,111,110,-1,-1],[110,112,111,-1,-1],[50,10,0,0,0,5,3,1,0,0,5,3,1,0,0],1,0.227941/0.232969/0.232969/1.000000,100,10,10,20,10
3,[1900,0,870,870,300,300,5,10,47],1050,140,-212.4/152.47/233.9,0.000000/0.000000/0.000000/1.000000,1/1/1,[214,215,-1,-1,-1],[109,111,110,-1,-1],[110,112,111,-1,-1],[50,10,0,0,0,5,3,1,0,0,5,3,1,0,0],1,0.227941/0.232969/0.232969/1.000000,100,10,10,25,10
3,[1900,0,870,870,300,300,5,10,47],1050,140,-62.86/150.84/233.9,0.000000/0.000000/0.000000/1.000000,1/1/1,[214,215,-1,-1,-1],[109,111,110,-1,-1],[110,112,111,-1,-1],[50,10,0,0,0,5,3,1,0,0,5,3,1,0,0],1,0.227941/0.232969/0.232969/1.000000,100,10,10,25,10
3,[1900,0,870,870,300,300,5,10,47],1050,140,-166.4/149.81/262.25,0.000000/0.000000/0.000000/1.000000,1/1/1,[214,215,-1,-1,-1],[109,111,110,-1,-1],[110,112,111,-1,-1],[50,10,0,0,0,5,3,1,0,0,5,3,1,0,0],1,0.227941/0.232969/0.232969/1.000000,100,10,10,25,10
3,[1900,0,870,870,300,300,5,10,47],1050,140,-125.82/149.51/262.96,0.000000/0.000000/0.000000/1.000000,1/1/1,[214,215,-1,-1,-1],[109,111,110,-1,-1],[110,112,111,-1,-1],[50,10,0,0,0,5,3,1,0,0,5,3,1,0,0],1,0.227941/0.232969/0.232969/1.000000,100,10,10,25,10
3,[1900,0,870,870,300,300,5,10,47],1050,140,-234.8/148.3/159,0.000000/0.691627/0.000000/0.722255,1/1/1,[214,215,-1,-1,-1],[109,111,110,-1,-1],[110,112,111,-1,-1],[50,10,0,0,0,5,3,1,0,0,5,3,1,0,0],1,0.227941/0.232969/0.232969/1.000000,100,10,10,25,10
3,[1900,0,870,870,300,300,5,10,47],1050,140,-241.05/148.3/265.11,0.000000/0.691627/0.000000/0.722255,1/1/1,[214,215,-1,-1,-1],[109,111,110,-1,-1],[110,112,111,-1,-1],[50,10,0,0,0,5,3,1,0,0,5,3,1,0,0],1,0.227941/0.232969/0.232969/1.000000,100,10,10,25,10
3,[1900,0,870,870,300,300,5,10,47],1050,140,-235.37/148.3/259.14,0.000000/0.691627/0.000000/0.722255,1/1/1,[214,215,-1,-1,-1],[109,111,110,-1,-1],[110,112,111,-1,-1],[50,10,0,0,0,5,3,1,0,0,5,3,1,0,0],1,0.227941/0.232969/0.232969/1.000000,100,10,10,25,10
3,[1900,0,870,870,300,300,5,10,47],1050,140,-53.1/148.3/215.1,0.000000/0.691627/0.000000/0.722255,1/1/1,[214,215,-1,-1,-1],[109,111,110,-1,-1],[110,112,111,-1,-1],[50,10,0,0,0,5,3,1,0,0,5,3,1,0,0],1,0.227941/0.232969/0.232969/1.000000,100,10,10,25,10
3,[2000,0,870,870,300,300,5,10,47],12000,400,-54.05/152.47/146.3,0.000000/0.000000/0.000000/1.000000,1/1/1,[214,215,-1,-1,-1],[109,111,110,-1,-1],[110,112,111,-1,-1],[50,10,0,0,0,5,3,1,0,0,5,3,1,0,0],1,1.000000/0.972549/0.000000/1.000000,100,10,10,25,75
5,[1600,0,900,900,150,150,10,10,47],1000,140,-167/146.6/121.5,0.000000/0.000000/0.000000/1.000000,1/1/1,[208,217,216,-1,-1],[109,110,-1,-1,-1],[-1,-1,-1,-1,-1],[50,30,10,0,0,10,5,0,0,0,0,0,0,0,0],1,0.000000/0.383925/0.830882/1.000000,200,10,10,20,10
5,[1600,0,900,900,150,150,10,10,47],1000,140,-166.34/149.02/217.49,0.000000/0.000000/0.000000/1.000000,1/1/1,[208,217,216,-1,-1],[109,110,-1,-1,-1],[-1,-1,-1,-1,-1],[50,30,10,0,0,10,5,0,0,0,0,0,0,0,0],1,0.000000/0.383925/0.830882/1.000000,200,10,10,20,10
5,[1600,0,900,900,150,150,10,10,47],1000,140,-83.19/152.29/230.6,0.000000/0.000000/0.000000/1.000000,1/1/1,[208,217,216,-1,-1],[109,110,-1,-1,-1],[-1,-1,-1,-1,-1],[50,30,10,0,0,10,5,0,0,0,0,0,0,0,0],1,0.000000/0.383925/0.830882/1.000000,200,10,10,20,15
5,[1600,0,900,900,150,150,10,10,47],1000,140,-166.34/149.02/230.19,0.000000/0.000000/0.000000/1.000000,1/1/1,[208,217,216,-1,-1],[109,110,-1,-1,-1],[-1,-1,-1,-1,-1],[50,30,10,0,0,10,5,0,0,0,0,0,0,0,0],1,0.000000/0.383925/0.830882/1.000000,200,10,10,20,10
5,[1600,0,900,900,150,150,10,10,47],1000,140,-177.31/149.02/217.49,0.000000/0.000000/0.000000/1.000000,1/1/1,[208,217,216,-1,-1],[109,110,-1,-1,-1],[-1,-1,-1,-1,-1],[50,30,10,0,0,10,5,0,0,0,0,0,0,0,0],1,0.000000/0.383925/0.830882/1.000000,200,10,10,20,10
5,[1600,0,900,900,150,150,10,10,47],1000,140,-177.31/149.02/230.19,0.000000/0.000000/0.000000/1.000000,1/1/1,[208,217,216,-1,-1],[109,110,-1,-1,-1],[-1,-1,-1,-1,-1],[50,30,10,0,0,10,5,0,0,0,0,0,0,0,0],1,0.000000/0.383925/0.830882/1.000000,200,10,10,20,10
5,[1600,0,900,900,150,150,10,10,47],1000,140,-123.146/146.6/119.3166,0.000000/0.999693/0.000000/-0.024764,1.000001/1/1.000001,[208,217,216,-1,-1],[109,110,-1,-1,-1],[-1,-1,-1,-1,-1],[50,30,10,0,0,10,5,0,0,0,0,0,0,0,0],1,0.000000/0.383925/0.830882/1.000000,200,10,10,20,10
5,[1600,0,900,900,150,150,10,10,47],1000,140,-238.48/146.6/142.8329,0.000000/0.691627/0.000000/0.722255,1/1/1,[208,217,216,-1,-1],[109,110,-1,-1,-1],[-1,-1,-1,-1,-1],[50,30,10,0,0,10,5,0,0,0,0,0,0,0,0],1,0.000000/0.383925/0.830882/1.000000,200,10,10,20,10
5,[1600,0,900,900,150,150,10,10,47],1000,140,-240.7/146.6/233.5,0.000000/0.691627/0.000000/0.722255,1/1/1,[208,217,216,-1,-1],[109,110,-1,-1,-1],[-1,-1,-1,-1,-1],[50,30,10,0,0,10,5,0,0,0,0,0,0,0,0],1,0.000000/0.383925/0.830882/1.000000,200,10,10,20,10
5,[1600,0,900,900,150,150,10,10,47],1000,140,-235.1/146.6/196.2,0.000000/0.691627/0.000000/0.722255,1/1/1,[208,217,216,-1,-1],[109,110,-1,-1,-1],[-1,-1,-1,-1,-1],[50,30,10,0,0,10,5,0,0,0,0,0,0,0,0],1,0.000000/0.383925/0.830882/1.000000,200,10,10,20,10
5,[1600,0,900,900,150,150,10,10,47],1000,140,-52.1/146.6/191.3,0.000000/0.691627/0.000000/0.722255,1/1/1,[208,217,216,-1,-1],[109,110,-1,-1,-1],[-1,-1,-1,-1,-1],[50,30,10,0,0,10,5,0,0,0,0,0,0,0,0],1,0.000000/0.383925/0.830882/1.000000,200,10,10,20,10
5,[1600,0,900,900,150,150,10,10,47],1000,140,-53.3/146.6/266.3,0.000000/0.691627/0.000000/0.722255,1/1/1,[208,217,216,-1,-1],[109,110,-1,-1,-1],[-1,-1,-1,-1,-1],[50,30,10,0,0,10,5,0,0,0,0,0,0,0,0],1,0.000000/0.383925/0.830882/1.000000,200,10,10,20,10
4,[8000,0,1100,1100,350,350,5,10,47],2000,450,-142.82/154.51/158.8,0.000000/0.000000/0.000000/1.000000,1/1/1,[220,-1,-1,-1,-1],[110,115,-1,-1,-1],[-1,-1,-1,-1,-1],[50,0,0,0,0,80,5,0,0,0,0,0,0,0,0],1,0.365067/0.345805/0.904412/1.000000,100,20,10,35,180
4,[8000,0,1350,1350,100,100,5,10,47],2000,450,-148.6/154.51/158.8,0.000000/0.000000/0.000000/1.000000,1/1/1,[220,-1,-1,-1,-1],[-1,-1,-1,-1,-1],[111,118,-1,-1,-1],[50,0,0,0,0,0,0,0,0,0,80,5,0,0,0],1,0.808824/0.000000/0.000000/1.000000,100,20,10,35,180
0,[3000,10,1000,1000,300,300,3,5,57],2000,160,-127.04/171.75/245.17,0.000000/0.000000/0.000000/1.000000,1/1/1,[209,210,-1,-1,-1],[-1,-1,-1,-1,-1],[111,113,-1,-1,-1],[50,10,0,0,2,0,0,0,0,0,10,1,0,0,0],1,0.801471/0.111970/0.111970/1.000000,200,10,10,25,10
0,[3000,10,1000,1000,300,300,3,5,57],2000,160,-127.04/171.75/233.63,0.000000/0.000000/0.000000/1.000000,1/1/1,[209,210,-1,-1,-1],[-1,-1,-1,-1,-1],[111,113,-1,-1,-1],[50,10,0,0,2,0,0,0,0,0,10,5,0,0,0],1,0.801471/0.111970/0.111970/1.000000,200,10,10,25,10
0,[3000,10,1000,1000,300,300,3,5,57],2000,160,-121.06/171.75/237.55,0.000000/0.000000/0.000000/1.000000,1/1/1,[209,210,-1,-1,-1],[-1,-1,-1,-1,-1],[111,113,-1,-1,-1],[50,10,0,0,2,0,0,0,0,0,10,5,0,0,0],1,0.801471/0.111970/0.111970/1.000000,200,10,10,25,10
0,[3000,10,1000,1000,300,300,3,5,57],2000,160,-110.6/171.75/234.81,0.000000/0.000000/0.000000/1.000000,1/1/1,[209,210,-1,-1,-1],[-1,-1,-1,-1,-1],[111,113,-1,-1,-1],[50,10,0,0,2,0,0,0,0,0,10,5,0,0,0],1,0.801471/0.111970/0.111970/1.000000,200,10,10,25,10
0,[3000,10,1000,1000,300,300,3,5,57],2000,160,-183.56/157.5/203.66,0.000000/0.000000/0.000000/1.000000,1/1/1,[209,210,-1,-1,-1],[-1,-1,-1,-1,-1],[111,113,-1,-1,-1],[50,10,0,0,2,0,0,0,0,0,10,5,0,0,0],1,0.801471/0.111970/0.111970/1.000000,200,10,10,25,10
0,[3000,10,1000,1000,300,300,3,5,57],2000,160,-106.7/157.5/203.4,0.000000/0.000000/0.000000/1.000000,1/1/1,[209,210,-1,-1,-1],[-1,-1,-1,-1,-1],[111,113,-1,-1,-1],[50,10,0,0,2,0,0,0,0,0,10,5,0,0,0],1,0.801471/0.111970/0.111970/1.000000,200,10,10,25,10
7,[2200,0,900,900,150,150,10,10,57],2200,160,-195.9/164.63/233.8,0.000000/0.707107/0.000000/0.707107,1/1/1,[208,104,217,211,-1],[110,112,-1,-1,-1],[111,113,-1,-1,-1],[60,10,30,1,0,5,2,0,0,0,5,2,0,0,0],1,0.775913/0.000000/0.786765/1.000000,120,10,0,20,10
7,[2200,0,900,900,150,150,10,10,57],2200,160,-96/164.63/233.8,0.000000/-0.707107/0.000000/0.707107,1/1/1,[208,104,217,211,-1],[110,112,-1,-1,-1],[111,113,-1,-1,-1],[60,10,30,1,0,5,2,0,0,0,5,2,0,0,0],1,0.775913/0.000000/0.786765/1.000000,120,10,0,20,10
7,[2200,0,900,900,150,150,10,10,57],2200,160,-156.87/164.63/236.2,0.000000/1.000000/0.000000/0.000000,1/1/1,[208,104,217,211,-1],[110,112,-1,-1,-1],[111,113,-1,-1,-1],[60,10,30,1,0,5,2,0,0,0,5,2,0,0,0],1,0.775913/0.000000/0.786765/1.000000,120,10,0,20,10
7,[2200,0,900,900,150,150,10,10,57],2200,160,-134.05/164.63/236.2,0.000000/1.000000/0.000000/0.000000,1/1/1,[208,104,217,211,-1],[110,112,-1,-1,-1],[111,113,-1,-1,-1],[60,10,30,1,0,5,2,0,0,0,5,2,0,0,0],1,0.775913/0.000000/0.786765/1.000000,120,10,0,20,10
3,[3000,0,1250,1250,400,400,5,10,57],2500,160,-175.8/165.94/258.8,0.000000/0.000000/0.000000/1.000000,1/1/1,[212,213,-1,-1,-1],[110,-1,-1,112,-1],[111,113,-1,-1,-1],[50,10,0,0,0,5,0,0,3,0,5,3,0,0,0],1,0.752941/0.149020/0.815686/1.000000,100,10,10,25,10
3,[3000,0,1250,1250,400,400,5,10,57],2500,160,-114.7/165.94/258.8,0.000000/0.000000/0.000000/1.000000,1/1/1,[212,213,-1,-1,-1],[110,-1,-1,112,-1],[111,113,-1,-1,-1],[50,10,0,0,0,5,0,0,3,0,5,3,0,0,0],1,0.752941/0.149020/0.815686/1.000000,100,10,10,25,10
3,[3000,0,1250,1250,400,400,5,10,57],2500,160,-154.19/172.16/250.34,0.000000/0.000000/0.000000/1.000000,1/1/1,[212,213,-1,-1,-1],[110,-1,-1,112,-1],[111,113,-1,-1,-1],[50,10,0,0,0,5,0,0,3,0,5,3,0,0,0],1,0.752941/0.149020/0.815686/1.000000,100,10,10,25,10
3,[3000,0,1250,1250,400,400,5,10,57],2500,160,-138.14/172.16/250.34,0.000000/0.000000/0.000000/1.000000,1/1/1,[212,213,-1,-1,-1],[110,-1,-1,112,-1],[111,113,-1,-1,-1],[50,10,0,0,0,5,0,0,3,0,5,3,0,0,0],1,0.752941/0.149020/0.815686/1.000000,100,10,10,25,10
5,[2800,0,1200,1200,200,200,10,10,57],2500,160,-145.47/158.83/227.56,0.000000/0.000000/0.000000/1.000000,1/1/1,[208,217,216,211,-1],[110,-1,112,-1,-1],[-1,-1,-1,-1,-1],[50,30,10,1,0,10,0,5,0,0,0,0,0,0,0],1,0.713235/0.094399/0.094399/1.000000,200,10,1.7,15,10
5,[2800,0,1200,1200,200,200,10,10,57],2500,160,-170.2/170.45/237.45,0.000000/0.000000/0.000000/1.000000,1/1/1,[208,217,216,211,-1],[110,-1,112,-1,-1],[-1,-1,-1,-1,-1],[50,30,10,1,0,10,0,5,0,0,0,0,0,0,0],1,0.713235/0.094399/0.094399/1.000000,200,10,1.7,15,10
5,[2800,0,1200,1200,200,200,10,10,57],2500,160,-165.99/170.45/233.92,0.000000/0.000000/0.000000/1.000000,1/1/1,[208,217,216,211,-1],[110,-1,112,-1,-1],[-1,-1,-1,-1,-1],[50,30,10,1,0,10,0,5,0,0,0,0,0,0,0],1,0.713235/0.094399/0.094399/1.000000,200,10,1.7,15,10
5,[2800,0,1200,1200,200,200,10,10,57],2500,160,-180.38/170.45/234.81,0.000000/0.000000/0.000000/1.000000,1/1/1,[208,217,216,211,-1],[110,-1,112,-1,-1],[-1,-1,-1,-1,-1],[50,30,10,1,0,10,0,5,0,0,0,0,0,0,0],1,0.713235/0.094399/0.094399/1.000000,200,10,1.7,15,10
5,[2800,0,1200,1200,200,200,10,10,57],2500,160,-128.92/170.5/263.09,0.000000/0.000000/0.000000/1.000000,1/1/1,[208,217,216,211,-1],[110,-1,112,-1,-1],[-1,-1,-1,-1,-1],[50,30,10,1,0,10,0,5,0,0,0,0,0,0,0],1,0.713235/0.094399/0.094399/1.000000,200,10,1.7,15,10
5,[2800,0,1200,1200,200,200,10,10,57],2500,160,-162.33/170.5/263.09,0.000000/0.000000/0.000000/1.000000,1/1/1,[208,217,216,211,-1],[110,-1,112,-1,-1],[-1,-1,-1,-1,-1],[50,30,10,1,0,10,0,5,0,0,0,0,0,0,0],1,0.713235/0.094399/0.094399/1.000000,200,10,1.7,15,10
6,[20000,0,1600,1600,300,300,50,50,57],5000,1000,-145.71/175.08/263.05,0.000000/0.000000/0.000000/1.000000,1/1/1,[221,-1,-1,-1,-1],[114,-1,-1,-1,-1],[113,117,-1,-1,-1],[50,0,0,0,0,5,0,0,0,0,50,5,0,0,0],0,0.808824/0.000000/0.000000/1.000000,100,7,7,10,180
3,[4500,0,1900,1900,400,400,10,20,57],3000,180,-123.8/179.5/214.93,0.000000/0.000000/0.000000/1.000000,1/1/1,[212,213,-1,-1,-1],[110,-1,-1,-1,-1],[113,-1,-1,-1,-1],[50,10,0,0,0,20,0,0,0,0,10,0,0,0,0],1,0.919118/0.283845/0.349563/1.000000,100,10,10,25,10
3,[4500,0,1250,1250,700,700,10,10,57],3000,180,-168.8/179.5/215.1,0.000000/0.000000/0.000000/1.000000,1/1/1,[212,213,-1,-1,-1],[112,-1,-1,-1,-1],[-1,111,-1,-1,-1],[50,10,0,0,0,10,0,0,0,0,0,20,0,0,0],1,0.377809/0.281304/0.889706/1.000000,100,10,10,25,10
5,[4500,0,1350,1350,400,400,10,10,57],30000,425,-145.6/185.4/223.87,0.000000/0.000000/0.000000/1.000000,1/1/1,[208,211,216,104,-1],[110,-1,112,-1,-1],[111,-1,113,-1,-1],[50,5,10,5,0,10,0,5,0,0,10,0,5,0,0],1,1.000000/0.972549/0.000000/1.000000,200,3,3,4,75
5,[4500,0,1350,1350,400,400,10,10,57],30000,425,-145.6/163.6/204.36,0.000000/0.000000/0.000000/1.000000,1/1/1,[208,211,216,104,-1],[110,-1,112,-1,-1],[111,-1,113,-1,-1],[50,5,10,5,0,10,0,5,0,0,10,0,5,0,0],1,1.000000/0.972549/0.000000/1.000000,200,3,3,4,75
7,[4500,0,1250,1250,300,300,10,10,57],30000,425,-180.4/180.32/236.2,0.000000/0.707107/0.000000/0.707107,1/1/1,[208,104,211,210,-1],[110,-1,112,-1,-1],[111,-1,113,-1,-1],[60,5,5,10,0,10,0,5,0,0,10,0,5,0,0],1,1.000000/0.972549/0.000000/1.000000,120,10,0,20,75
7,[4500,0,1250,1250,300,300,10,10,57],30000,425,-110.6/180.32/236.2,0.000000/-0.707107/0.000000/0.707107,1/1/1,[208,104,211,210,-1],[110,-1,112,-1,-1],[111,-1,113,-1,-1],[60,5,5,10,0,10,0,5,0,0,10,0,5,0,0],1,1.000000/0.972549/0.000000/1.000000,120,10,0,20,75
8,[35000,5000,2100,2100,600,600,15,20,62],0,0,-145.57/190.13/263.9,0.000000/1.000000/0.000000/0.000000,1/1/1,[-1,-1,-1,-1,-1],[-1,-1,-1,-1,-1],[-1,-1,-1,-1,-1],[0,0,0,0,0,0,0,0,0,0,0,0,0,0,0],0,1.000000/1.000000/1.000000/1.000000,360,0,0,28,600
0,[1000,0,500,0,220,0,10,10,45],900,100,310.7/97.1/137.1,0.000000/0.000000/0.000000/1.000000,1/1/1,[203,204,-1,-1,-1],[-1,-1,-1,-1,-1],[-1,-1,-1,-1,-1],[15,5,0,0,0,0,0,0,0,0,0,0,0,0,0],0,1.000000/1.000000/1.000000/1.000000,200,10,10,40,60
0,[1000,0,500,0,220,0,10,10,45],900,100,341.8/97.1/237.2,0.000000/0.000000/0.000000/1.000000,1/1/1,[203,204,-1,-1,-1],[-1,-1,-1,-1,-1],[-1,-1,-1,-1,-1],[15,5,0,0,0,0,0,0,0,0,0,0,0,0,0],0,1.000000/1.000000/1.000000/1.000000,200,10,10,40,60
0,[1000,0,500,0,220,0,10,10,45],900,100,364.4/97.1/173.5,0.000000/0.000000/0.000000/1.000000,1/1/1,[203,204,-1,-1,-1],[-1,-1,-1,-1,-1],[-1,-1,-1,-1,-1],[15,5,0,0,0,0,0,0,0,0,0,0,0,0,0],0,1.000000/1.000000/1.000000/1.000000,200,10,10,40,60
0,[1000,0,500,0,220,0,10,10,45],900,100,328.7/97.1/145.7,0.000000/0.000000/0.000000/1.000000,1/1/1,[203,204,-1,-1,-1],[-1,-1,-1,-1,-1],[-1,-1,-1,-1,-1],[15,5,0,0,0,0,0,0,0,0,0,0,0,0,0],0,1.000000/1.000000/1.000000/1.000000,200,10,10,40,60
5,[1000,0,500,0,220,0,10,10,45],900,100,302.6/97.1/234.2,0.000000/0.000000/0.000000/1.000000,1/1/1,[222,-1,-1,-1,-1],[108,113,-1,-1,-1],[109,116,-1,-1,-1],[5,0,0,0,0,10,5,0,0,0,10,5,0,0,0],0,1.000000/1.000000/1.000000/1.000000,200,10,10,40,60
5,[1000,0,500,0,220,0,10,10,45],900,100,326/97.1/168.9,0.000000/0.000000/0.000000/1.000000,1/1/1,[222,-1,-1,-1,-1],[108,113,-1,-1,-1],[109,116,-1,-1,-1],[5,0,0,0,0,10,5,0,0,0,10,5,0,0,0],0,1.000000/1.000000/1.000000/1.000000,200,10,10,40,60
5,[1000,0,500,0,220,0,10,10,45],900,100,335.7/97.1/202.8,0.000000/0.000000/0.000000/1.000000,1/1/1,[222,-1,-1,-1,-1],[108,113,-1,-1,-1],[109,116,-1,-1,-1],[5,0,0,0,0,10,5,0,0,0,10,5,0,0,0],0,1.000000/1.000000/1.000000/1.000000,200,10,10,40,60
5,[1000,0,500,0,220,0,10,10,45],900,100,324.5/97.1/110.6,0.000000/0.000000/0.000000/1.000000,1/1/1,[222,-1,-1,-1,-1],[108,113,-1,-1,-1],[109,116,-1,-1,-1],[5,0,0,0,0,10,5,0,0,0,10,5,0,0,0],0,1.000000/1.000000/1.000000/1.000000,200,10,10,40,60
5,[1000,0,500,0,220,0,10,10,45],900,100,323.4/97.1/238.6,0.000000/0.000000/0.000000/1.000000,1/1/1,[222,-1,-1,-1,-1],[108,113,-1,-1,-1],[109,116,-1,-1,-1],[5,0,0,0,0,10,5,0,0,0,10,5,0,0,0],0,1.000000/1.000000/1.000000/1.000000,200,10,10,40,60
5,[1000,0,500,0,220,0,10,10,45],900,100,344/97.1/177.5,0.000000/0.000000/0.000000/1.000000,1/1/1,[222,-1,-1,-1,-1],[108,113,-1,-1,-1],[109,116,-1,-1,-1],[5,0,0,0,0,10,5,0,0,0,10,5,0,0,0],0,1.000000/1.000000/1.000000/1.000000,200,10,10,40,60
5,[1000,0,600,0,250,0,10,10,45],1600,200,317.6/97.1/261.8,0.000000/0.000000/0.000000/1.000000,1/1/1,[222,-1,-1,-1,-1],[108,113,-1,-1,-1],[109,116,-1,-1,-1],[5,0,0,0,0,10,5,0,0,0,10,5,0,0,0],1,1.000000/1.000000/0.000000/1.000000,200,10,10,40,120
5,[1000,0,600,0,250,0,10,10,45],1600,200,310.3/97.1/207.1,0.000000/0.000000/0.000000/1.000000,1/1/1,[222,-1,-1,-1,-1],[108,113,-1,-1,-1],[109,116,-1,-1,-1],[5,0,0,0,0,10,5,0,0,0,10,5,0,0,0],1,1.000000/1.000000/0.000000/1.000000,200,10,10,40,120
5,[1000,0,600,0,250,0,10,10,45],1600,200,343.5/97.1/131.6,0.000000/0.000000/0.000000/1.000000,1/1/1,[222,-1,-1,-1,-1],[108,113,-1,-1,-1],[109,116,-1,-1,-1],[5,0,0,0,0,10,5,0,0,0,10,5,0,0,0],1,1.000000/1.000000/0.000000/1.000000,200,10,10,40,120
5,[1100,0,650,0,280,0,20,20,50],1200,150,405.62/74.67/121.51,0.000000/0.000000/0.000000/1.000000,1/1/1,[222,-1,-1,-1,-1],[108,113,-1,-1,-1],[109,116,-1,-1,-1],[5,0,0,0,0,10,5,0,0,0,10,5,0,0,0],0,1.000000/1.000000/1.000000/1.000000,200,20,10,30,60
5,[1100,0,650,0,280,0,20,20,50],1200,150,425.93/74.67/123.2,0.000000/0.000000/0.000000/1.000000,1/1/1,[222,-1,-1,-1,-1],[108,113,-1,-1,-1],[109,116,-1,-1,-1],[5,0,0,0,0,10,5,0,0,0,10,5,0,0,0],0,1.000000/1.000000/1.000000/1.000000,200,20,10,30,60
5,[1100,0,650,0,280,0,20,20,50],1200,150,446.1/74.67/69.10001,0.000000/0.000000/0.000000/1.000000,1/1/1,[222,-1,-1,-1,-1],[108,113,-1,-1,-1],[109,116,-1,-1,-1],[5,0,0,0,0,10,5,0,0,0,10,5,0,0,0],0,1.000000/1.000000/1.000000/1.000000,200,20,10,30,60
5,[1100,0,650,0,280,0,20,20,50],1200,150,433.1/74.67/88.5,0.000000/0.000000/0.000000/1.000000,1/1/1,[222,-1,-1,-1,-1],[108,113,-1,-1,-1],[109,116,-1,-1,-1],[5,0,0,0,0,10,5,0,0,0,10,5,0,0,0],0,1.000000/1.000000/1.000000/1.000000,200,20,10,30,60
5,[1100,0,650,0,280,0,20,20,50],1200,150,406.8/74.67/93.10001,0.000000/0.000000/0.000000/1.000000,1/1/1,[222,-1,-1,-1,-1],[108,113,-1,-1,-1],[109,116,-1,-1,-1],[5,0,0,0,0,10,5,0,0,0,10,5,0,0,0],0,1.000000/1.000000/1.000000/1.000000,200,20,10,30,60
5,[1100,0,650,0,280,0,20,20,50],1200,150,429/74.67/108.5,0.000000/0.000000/0.000000/1.000000,1/1/1,[222,-1,-1,-1,-1],[108,113,-1,-1,-1],[109,116,-1,-1,-1],[5,0,0,0,0,10,5,0,0,0,10,5,0,0,0],0,1.000000/1.000000/1.000000/1.000000,200,20,10,30,60
5,[1100,0,650,0,280,0,20,20,50],1200,150,396.43/74.67/108.29,0.000000/0.000000/0.000000/1.000000,1/1/1,[222,-1,-1,-1,-1],[108,113,-1,-1,-1],[109,116,-1,-1,-1],[5,0,0,0,0,10,5,0,0,0,10,5,0,0,0],0,1.000000/1.000000/1.000000/1.000000,200,20,10,30,60
5,[1200,0,800,0,320,0,20,20,50],2400,300,418.37/74.67/69.10001,0.000000/0.000000/0.000000/1.000000,1/1/1,[222,-1,-1,-1,-1],[108,113,-1,-1,-1],[109,116,-1,-1,-1],[5,0,0,0,0,10,5,0,0,0,10,5,0,0,0],1,1.000000/0.000000/0.000000/1.000000,200,20,10,30,120
5,[1200,0,800,0,320,0,20,20,50],2400,300,418.1/74.67/100.5,0.000000/0.000000/0.000000/1.000000,1/1/1,[222,-1,-1,-1,-1],[108,113,-1,-1,-1],[109,116,-1,-1,-1],[5,0,0,0,0,10,5,0,0,0,10,5,0,0,0],1,1.000000/0.000000/0.000000/1.000000,200,20,10,30,120
